0Xoo9XxvocI56MCVxMgaQG;287.0;;Jónás Vera;25
2vd2HnNh4pdYa9gDVHFjEu;719819.0;alternative metal|christian metal|melodic metalcore|metalcore|nu metal;As I Lay Dying;62
7vL2cUa3hRkdJzxxDsKHyF;17160.0;rock of gibraltar|spanish pop|spanish rock;Melon Diesel;32
1J44xyQR6Wsv4t5bji9ypK;18.0;;Lin Zheng-Zhong (Jerry);29
3YUrEElXpqiPSbffh9XXZd;21818.0;australian dance|australian pop|dance rock;Rogue Traders;42
3wXwTJeqK97hFtUS7iMPYV;359.0;;Rufus;23
2xuN796lJ8Oj4vsx2XiJqj;131898.0;thai indie|thai indie pop|thai pop|thai rock;Moderndog;36
5muFO8VqYRCRW13EkvX564;95879.0;german house|german techno|microhouse|minimal tech house|minimal techno|tech house;Âme;51
1r3bb9hTIXRWwvtYaKzNzP;2212.0;;Gerard McMann;39
2PK9pWPbpzjPDM2HVR1NEO;194310.0;folk brasileiro|nova mpb;MAR ABERTO;56
7HDlnJE3TESRubyJSu1DEC;337.0;;Tomasz Kaminski;12
3p4FNslxuuEYSEnMsx4YI1;389003.0;francoton|french hip hop|pop urbaine|rap francais|rap marseille;Hooss;49
5SancUuEIRjnkYtglSRe8Q;24521.0;;Trapdoor Social;40
1JyFYHa051bTN8BH8nWa7e;86568.0;brazilian hip hop|rap df|rap nacional antigo;GOG;40
3emH9GA9qeg71LCpRb34H7;34.0;musiikkia lapsille;Pupi Möykky;9
2ZLciuhTRIQS9IVW9BXzvn;8533.0;phleng phuea chiwit;Thierry Megwattana;34
3wk47tC10a5UfPokpH6lmj;5779.0;japanese jazz fusion|japanese jazztronica;Sunaga T Experience;28
1vSN1fsvrzpbttOYGsliDr;1890329.0;dance pop|pop|post-teen pop|r&b|viral pop;Tori Kelly;73
1yg5oFeG0AQ0v8Cq5ypFps;790.0;indian singer-songwriter;Zebunissa Bangash;27
6m3l8oNDOGE3vo66Agi9M4;7959.0;;Kumbia All Starz;49
1F6ZW5IEGN0HB9LTtldRq0;35809.0;rap chileno|trap latino;Arte Elegante;57
45Dy2YhbWTemkzG4zAyOOB;159.0;;TRIO LOJZETA SLAKA;10
5g9g3GuFUAkLHO7FTnyH6M;4268.0;czsk hip hop;Erik Tresor;38
526KYZs4vcoVVxPDGmbJET;821.0;georgian folk;Georgian People;33
6t9U232jZ5v9SUgkIdnyg6;65.0;mgp;Tinke & The Winkies;37
3LJ9METXm9NVVYPNR5m8mJ;530.0;barnmusik;Elever ur Täby Musikklasser;24
2quK1rzyuUq4XuyMlZOsKJ;3081.0;norwegian country|rogaland musikk;Kristian Valen;32
3GOlkpNORG58DAXrR7qJIa;10468.0;cancion infantil mexicana;Las Ardillitas De Lalo Guerrero;36
7fMsRBEkpnedlrAhePVuLn;409.0;;Rally;35
7mPFWoDGjh7ArW1yr79EX8;25221.0;acoustic blues|blues|country blues|jug band|piedmont blues|traditional blues;Blind Boy Fuller;30
5hhgghBFkLDdMn93GW4x3I;11356.0;;OG Parker;69
6JogLFS7BAeUUE7DBgOOVb;7329.0;charango|folclore jujeno|folklore argentino|world chill;Jaime Torres;30
0XiryHqfy6xZ3QrCutUAY2;2585.0;;Ana Fernandez;38
7tHtEEpj1fZZWZXUv4fUCN;172.0;;Gandzior;25
3vXBH4XwXSLM1YIrRBt98k;48072.0;classic bollywood|filmi;Mohammed Aziz;50
7txiirQC4XkAOLVVnyxCCD;5428.0;kansas city hip hop;Irv Da PHENOM;44
6mMlq8oWkHZwC2rd2RZbYF;17131.0;croatian rock|yugoslav rock;Divlje Jagode;38
7bgjou2Fwb15jvve7eXZrm;2580.0;czech indie;Ecstasy Of St. Theresa;14
0xma2Oom1LUh8nZPPBI6lb;897.0;;Creme Soda;15
1RBQSFgtcUFw4LXSw0tUBq;19102.0;alternative metal|industrial metal|industrial rock|nu metal;Deadsy;37
4rF7c8zpCKzuSXohs2HIpA;580011.0;otacore;Steven Universe;71
1daaVmI6iEJjROsN3z1b1n;1173.0;;Nadin;31
1wKhIWJZOmQco45YegsUHD;19639.0;j-reggae;Wakadanna;40
4rQT6OE5twoxtzH8mvVMBl;6191.0;bandoneon|tango|vintage tango;Héctor Varela;33
2jgwF9tYvQyXjQviSfdxAu;1110.0;french rock|rock independant francais;The Little Rabbits;15
18Ev7Wl6xI3Xiu0t2oP8vb;189.0;musica per bambini;Le Piccole Voci Di Radio Zeta;30
73MDPnjHtoqOexpBNe4FPl;8571.0;dutch trance;DJ Jean;47
0U5RYP2HMdGv2GhicLhkOI;460815.0;mexican hip hop;Neto Peña;71
1zLMhO4zzzxt5PMV4wMS3y;23572.0;electro house|future house|pop edm;Keanu Silva;59
1U5M9VmZpJXYV6TOIGSMXM;1408.0;classic psychedelic rock;The Growing Concern;12
1tlXhSxCYZVXx2ckrIckf3;67.0;;Mike Mower;20
1zTUYXZHltJuaK4ONIzKDu;230.0;;Pablo Flores;44
5sASmkskUJsvYDSYKRkkYd;152920.0;argentine punk|argentine rock|latin alternative|latin rock|rock en espanol|ska argentino;2 minutos;54
2GGnLprXo9lzevvoJq2dh1;41.0;;Ross Stanley;5
3imos1CMHVKIIqsh3RWcl9;3781.0;;Supernatural;30
1tNJibl39hvCIVSnGaiwx5;3681.0;icelandic folk|icelandic pop;Hafdís Huld;50
6RsEMvvepRUEV1UAtXcn1l;2110.0;vintage swedish pop;Lena Andersson;29
3YgQf7LVQtRKQAuCZuZv3M;3800.0;;KASINO;38
27WDr8Ky1j0LtgY82Ttk5S;45228.0;c-pop|cantopop|chinese audiophile|chinese indie;Ivana Wong;43
4MAgvMyXwPHdq6b7cAfbUo;107.0;;Andina;38
1wIVsVVx8HGlv54RgITvYV;45425.0;russian dance pop|russian pop;Infiniti;41
1p03fvHwYbtytsHk7JpT5M;792.0;;The Breezers;35
1ztsMJLgY2ISoHlSApijCG;21410.0;;Lila Deneken;31
6admaR1LDBepigeFSaXqxk;1.0;;Chris Regez;24
7Ge0vJ23MmuLJePOvjzT9h;33.0;;Wipe Outs;14
2PFYSInm0FBZJ2NQudUNHQ;4023.0;eurovision|norwegian pop;Agnete;50
0xO03lhzh7jhcUIAtgud0H;58.0;;Giorgio Carnini;7
2g2c4BKYVzU5nKD326EbXR;24354.0;ecuadorian alternative rock|ecuadorian indie;Guardarraya;41
4VrrMpyQtYN9wAJJGYQHZB;7220.0;marathi traditional;Prabhakar Karekar;10
6yaUJRIrRUnvD9tG43gqE5;487.0;;Michelle Ayalde;24
63xFjf6Ww22O5gHrBP79G9;50148.0;argentine telepop|pop argentino;Marcela Morelo;55
1nZDHVfKkl4w5C0D6gAIao;40.0;;Mary Sue Berry;9
28qGBcSoAsrhHKQiy4QFpn;1661.0;cocuk sarkilari;Sihirli Grup;36
1DXcRRLELsa2p3ZFV6S0M4;145.0;dutch trance;Harry Lemon;7
4cGHhEOmWACSpJjEsSJLx2;1305.0;;Phrenik;10
2iojnBLj0qIMiKPvVhLnsH;5758012.0;dance pop|pop|post-teen pop|r&b|trap|urban contemporary;Trey Songz;77
0RpddSzUHfncUWNJXKOsjy;1017511.0;indie poptimism|modern alternative rock|modern rock|neo mellow|pop|pop rock|post-teen pop|rock;Neon Trees;73
4tjqNkDKrA11YW8YJe0kg2;3.0;;Odeon Dans Orkestrası;0
0cTSCsVx04SSht9V6cpKN0;73107.0;funk|roots rock|soul|southern soul|spirituals;Mavis Staples;57
1pwJmSpD0xrfyxaaGaTIQ5;161.0;;Karel Krautgartner;12
4H1HQDwhxs06dnaQVUlbj7;3.0;;Cy Nicklin;14
2jE5NeCBZpgohvRLtQ6v0O;46620.0;perreo|reggaeton|reggaeton flow|trap latino;Ronald El Killa;52
6TYRXG3gXG070WylIj4lVh;26.0;calypso;Harmony Kings Orchestra;0
3KuLo66B73btyQpdXlkqFx;524725.0;melodic rap|rap|south carolina hip hop|southern hip hop|trap;Speaker Knockerz;59
7kM2bHp9WgqwOE4VUKAlRv;18202.0;thai hip hop;AUTTA;50
3hhiDjtcwjl3mndn2zlwE1;22.0;;Eric Frantzen;33
6xJuCASaNxCSPoswqEqGur;123.0;calypso;The Executor;10
6zPbaYJp7itQ8p0gPLqf2S;17981.0;k-indie|korean pop;Ra.D;41
2IFRkIOvKh0ErUi12M6haG;0.0;;The Blue Five;0
3Nbau9SoiH72jmJdUTqjOY;11678.0;;Lzzy Hale;56
6wm2PnV3pc8cVX6jOQlJ4W;6.0;;Matt Hill & Friends;0
59FrDXDVJz0EKqYg39dnT2;837939.0;funk carioca|nova mpb|pop lgbtq+ brasileira|pop nacional;Jão;68
7qFrTkAK0NO86h9WtU20lz;691.0;muzica populara|romanian folk;Ioan Bocsa;11
3sFhA6G1N0gG1pszb6kk1m;650259.0;album rock|art rock|beatlesque|classic rock|folk rock|mellow gold|rock|soft rock;Wings;68
5BzzAgWSH6Q4yPQOAKeWRd;12078.0;;Suneeta Rao;20
0gzgSjueDduero0wWEy1WQ;111.0;chinese worship;沙田浸信會;7
5T3oFf8Gan8D2MuD5va0I8;336.0;tamil pop;Aaryan Dinesh Kanagaratnam;45
36E7oYfz3LLRto6l2WmDcD;630508.0;alternative rock|art rock|britpop|indie rock|modern rock|new wave|permanent wave|pop rock|rock|sheffield indie;Pulp;64
7AKHnZVqwXYuUwWJ8UGL5q;489995.0;k-pop|k-pop girl group;Girls' Generation-TTS;44
1G2QbSM5dLTtqeZHYnxXsF;18126.0;carnaval|dutch cabaret|dutch rock|levenslied|nederpop;André van Duin;46
1t90n9KwaGNmb4WAkbQMia;1.0;;J.D. Jewkes;9
5ohxmJ6nh8Dx2WFzudufCl;414.0;children's story;Robert Guillaume;37
1B04nWndglr8wJExQd16Q3;357.0;;L.Ramli;15
36T4XH4Zh3YmdOC5ZwmUU7;39.0;;Pierre Brasseur;1
7rFMYhsVx0XJQ9sqVgEZAd;1039.0;;Aimee Blackschleger;26
09rYyheZjqeOn8sXUfk8Yh;12.0;;Orlando Jiménez;28
42ks9IzfYmWuQ2JFQYxQPf;321.0;uk garage;Richie Dan;11
27eEve8Mu7Zv8DGDIz4peE;16168.0;danish pop;Hugo Helmig;50
4VxxrJptDJKGOsKvb8jcVe;121506.0;mundart|schweizer rap|swiss hip hop|swiss indie|swiss reggae;Lo & Leduc;54
6QAxY6RqEnOEb4yuyTlYcp;61.0;;Christopher Hirons;26
27k6vxwRjNMkLTTBodAxJS;15.0;;Jazz Band Soft Rec 2019;11
5ooIuCvSBl6Eo4cHixvB7x;2973.0;indie electropop;Emilie Brandt;46
1AKcGfo00QNcGwh2lZeM0I;18895.0;classic malaysian pop|malaysian pop|rock kapak;Shima;31
49FH1qmcnjovBE0BsjrciN;42.0;classic konkani pop;Anthony Mendes;4
5g5a3ENOYfn6myyLen218w;250019.0;azeri pop|azeri rap|kavkaz|russian gangster rap|russian hip hop;Kaspiyskiy Gruz;54
5F0l2aNAlrwOR2QwiUktJ3;3152.0;brit funk|post-disco;Light Of The World;32
4VjQ8aKEzGgpBJ7IOkoAIG;369.0;;Anna Östlund;34
1tcgfoMTT1szjUeaikxRjA;478800.0;anime score|compositional ambient|japanese classical|japanese contemporary classical|japanese soundtrack;Ryuichi Sakamoto;61
4rlnBXzr2NtsDyNmmBBc34;932.0;kindermusik;Dino und seine Freunde;22
1ltDgA6tV4utKM6y1BOYIE;26837.0;pop dance|progressive house|progressive trance|trance|uplifting trance;Estiva;46
2dK29Nsq8gvhmSUvjvmtBK;2341.0;melodic hard rock|swedish hard rock;Beggars & Thieves;13
6zwpfQJYlF9pdthFLvN9zg;206.0;;John Nzenze;7
4Wpnsm27UgzPTAuoRgSJiE;8374.0;chinese hip hop;黃旭;39
58vfomU8GibPspULT9e2wy;632.0;classic czech pop;Pavlína Filipovská;20
0habCSK64pzv6ukRgFQXmn;55.0;;ชยุดี วสวานนท์;10
34qU0b0yRjEzRJtknerEDS;108110.0;latin jazz|mambo|salsa|salsa colombiana|tropical;Sonora Carruseles;50
7BcyMcADGhD6WB6XFAJFEa;23840.0;c-pop|cantopop|hong kong hip hop;Fama;41
3tJnB0s6c3oXPq1SCCavnd;3779300.0;grupera|latin|latin pop|ranchera|regional mexican;Marco Antonio Solís;77
3pBvCynt1s5QElgsbyFdTg;2854.0;thai pop;Loso;32
1RM5gp0RFfjpJhCYFPB30p;282912.0;art rock|melancholia;Nick Cave;58
42cvgPJIjOZyxJHgF22apZ;53.0;;Bob Goldenbaum;4
3FPF6tyBTP79pCCAJDcPft;28162.0;country rock|folk|mellow gold|yacht rock;John Sebastian;38
6VxCmtR7S3yz4vnzsJqhSV;240887.0;australian indie|australian pop|folk-pop|modern rock|pop rock;Sheppard;67
3CR7n4hexD7pE3BRnLEDUJ;51559.0;afro soul|south african jazz|south african pop|xhosa;Ringo Madlingozi;35
5ZXCD32JVeJ08JNuWz5USb;18937.0;merengue|tropical;Tito Swing;33
4HvW0NM2QwnXGZXxLRuW1N;32300.0;latin alternative|mexican rock|rock en espanol;Kenny y los Eléctricos;48
3bypxSbj2INbe2BhKvg0Nv;53.0;;AKR-FITW;2
7uCNYKOeuyGcoxaP1Y095d;23156.0;;Yoandri;50
0G8byCYIfj5KtkipBDYrrL;3114.0;hard bop|jazz funk|jazz organ|soul jazz;Freddie Roach;15
3m38ZSwkLdeBDUhdGnFPrn;19609.0;atmospheric dnb|drum and bass|jungle|liquid funk;Adam F;40
6Ku2nSbcjRann6nTPimcFS;2874.0;canadian old school hip hop|toronto rap;Choclair;32
1Zgn8DDi8ema6uKufbQOdG;2030.0;;Brian Casey;49
1aN81MGtbv1o7EN3lLhmVk;7.0;;Ned Wright;2
4OUavLWUepaSy6MNjkNS3g;7364.0;progressive house|progressive trance|trance|uplifting trance;Factor B;39
6pyqxT57yY1F11mlZku6ae;5100.0;lebanese pop;Rahbani Brothers;12
0WclsosRPapDYuOHgriEBa;22.0;;Staffan Stenström;12
3M1eBsR4rSTcDAzYopumeG;46700.0;swedish gangsta rap|swedish hip hop|swedish trap|swedish trap pop;Asme;58
6CkxdsUcfqkBviY2N6xsVA;4506.0;cantautor catala;Beth;41
3bZiqqT0b4rEuU0IZgspIM;372.0;trova;Alberto Escobar;22
11VO1wQDn3dec4bk3epXr4;2180.0;shakuhachi;Minoru Muraoka;28
2PWQEBHw18rURT93AbGXQm;932.0;;Claudette Ortiz;42
50jKUOsqDtyX5TTG1cRF9N;2013.0;samba-enredo;Batucada Band;12
1sVozq6X0qXArzROCJa208;636.0;;Boaz Banai;28
28oxY7ZfDt1BJFf8FVfpEh;43820.0;czech hip hop|czsk hip hop;Robin Zoot;54
59iOp415oyqGlBHyAhu4z3;31222.0;nigerian pop;Kah-Lo;61
2z38yNUHr4znIW8i4ZdPOB;8877.0;downtempo;Gaelle;32
3vQ75vDDu0nhfHuEW3n17Z;574.0;;Phenom;56
0h885xmyK9xHfhyXQr37L6;371420.0;easy listening;Richard Clayderman;65
1oEJJcl2f2byUrqz5PPTIk;1281.0;;Indy Lopez;22
76uP2Wqg5YSfW8JLOQk4Qb;11480.0;classic indo pop;Andre Hehanussa;42
4zVtp9LhWzT5n1w27c0f6l;19128.0;nueva cancion;Angel Parra;43
6HXKrvb10GYSV3rRyhy8Ps;13.0;;Shobhana;19
6M8zgx3zyJQV5XwCa7F7pN;529.0;barnalog;Gunni og Felix;23
5hgtt9tLxsxvRMWrnxNWVW;61102.0;classic kollywood|filmi;P. B. Sreenivas;42
25YT9XU5vxfxEUJjuGkifX;58.0;super sentai;Ken Narita;12
15CaxPE1EHJBwzjSioYBXZ;12.0;;Bob Hill;1
69SVAy0HQpibM06pStD09O;802.0;salsa puertorriquena;Edgar Daniel;17
7cfwFGaIv3pm0cYa5nWgk3;148.0;;Gizelle D'Cole;21
7qie8FfXQTHp0azRKySWd8;3333.0;la pop;KOLE;52
0P2p1bqVyP2EgqubwjTBUJ;193077.0;chanson|francoton|french pop|ye ye;Claude François;56
1uXtKoRnSL2151WEZFN9Ab;38432.0;rap calme;IZAID;54
0cZUnZAl3WmjGJwEVcBqEH;15560.0;marathi pop;Ajay;46
3zJLcIfCiDAuOSwwbu3D6l;1046.0;dixieland|modern swing;The Bourbon Street Stompers;17
3hvDAraTidCTjQHIc4m8P3;116646.0;chilean indie|trap chileno;Princesa Alba;54
76QERaQEFTh2VKRUL7wz7m;24192.0;bubble trance|rave;Members Of Mayday;43
3mNygoyrEKLgo6sx0MzwOL;174327.0;afrobeat|afropop|desert blues|malian blues|mande pop|world;Ali Farka Touré;55
0nzgl0SrjL4H9xgTMKUZf6;2651.0;dessin anime;Super Heros Invasion;35
2KRdUulmRWVp5uwzoydI91;437.0;;MC Nathan;49
7sOkM3Mc3xPGcM7kGCjDtS;1440.0;dunedin sound|nz indie;Voom;22
72G65J87dqMi39O00Du2Je;96685.0;fado;António Zambujo;52
32X1BEzC0G0t7iZczUDlaC;5703.0;c-pop|cantopop|classic cantopop|hong kong hip hop;軟硬天師;25
5e4btuINxJ9yrpwBqdPqPq;8032.0;spanish pop|spanish rock;Señor Trepador;36
1Hu56IprUt6GltqTkpvguI;39577.0;new jack swing|r&b|urban contemporary;Somethin' For The People;34
1Yjw5lfgHAmjaEmzed9WRf;850.0;afropop;The Four Brothers;4
0S1mkFvYLRCNXxO6fa6Cpk;90.0;;Большой симфонический оркестр Гостелерадио СССР;20
5UQO8IQ2YE4eRUrGtHygB8;571.0;psychedelic folk;Robin Scott;40
73xrrv4ZrlpLi1q0Q34wiK;55357.0;adult standards|big band|easy listening|lounge|swing|torch song|vocal jazz;Dinah Shore;42
0CLADHAhbG7YIqBVlt8g6c;1690.0;south african jazz;West Nkosi;13
18xSLnaLxBTsXjqkVvPzEk;4622.0;new age|new age piano;Wayne Gratz;37
52SryVadriXLIyUJx3pU9Q;362.0;american modern classical;Robert Russell Bennett;22
1yeKjC7aHZaxKu7s0zBVLE;5464.0;folklore chileno|nueva cancion;Bordemar;24
5TFyn81eoBFYh9sjhg4gfL;219.0;ambient psychill;MINOS;19
3N8khuP6qGB5ZHl7jZxHDB;1072.0;swedish reggae;Essa Cham;31
2hDINEsXO3TVUaWKEab2JG;367.0;british classical piano;Paul Crossley;29
5QNnf6MKpahSmcbfLpPgzF;4015.0;gaming edm;Futuristik;48
4KsgkEyPqr3FCNsKSaNzxs;33286.0;afro soul|south african pop;Jaziel Brothers;30
3DgcBA7P0ji5co7Z1Gfp2Q;133322.0;broadway|movie tunes|show tunes;Kristin Chenoweth;62
6xD5viPLgTsWSCJCSSuwaF;3.0;;Gregory Bradley;27
3ONLrDrnWMglipr2yWeg7s;38218.0;hip hop tuga|rap angolano;NGA;40
0QmOR0TqxMPtZxtaIJ5klY;50000.0;eurovision|israeli pop;Nadav Guedj;40
7oF48iRjggIDjtfRcmmMvl;32768.0;alternative hip hop|boom bap|boston hip hop|underground rap;Termanology;49
29mYdOEw2xWSlUUs6MPE6W;45.0;;Sin (Singular);24
6PGO5z223swzVhhsq5aF5R;250.0;disney espanol;Marta Martorell;35
2H60GdE6jHHBnYJPcOfjXs;5.0;;Harry Dexter;2
4aCWTRWrh5lyIaZTVCP6ja;6084.0;argentine metal;Logos;30
1UD2bGr9b38JklCMAyhNnp;27100.0;russian dance|russian pop;TERNOVOY;44
6PEng1vM87p71zsaoDtIzj;6472.0;adoracion|latin christian;Yadira Coradín;24
0F8gvxccUYPndXVsyLmCi6;27208.0;k-pop|korean ost|korean pop;JUNIEL;37
2oXKVuZqDv85M1ynjVMp3J;23323.0;colombian hip hop|colombian rock;Mabiland;46
6fOKLk8GmQ8xKogCRuuAwD;80570.0;emo rap|lo-fi beats|lo-fi chill;Teqkoi;69
2Z8XcWdgy5dSaiQR3d7tHK;26250.0;rumba;Armik;49
0Cgm3m8kDUeNJXAAcruwGp;728.0;hip house;Hithouse;24
1sTIVHGyiIDIi3vHzbStb0;868.0;;Bivattchee;24
5puYkZFJ4JkrJGEYnMSNVd;3645.0;;Euphoria;24
7ujjV98HBqYJ213F1e03GK;3.0;;Shyam Sunder;0
1i8gGjDzv2FNoy6dHcr25K;15457.0;drill francais|pop urbaine|rap francais;Negrito;53
297dxI5V73N6q2EfyOM1vj;184.0;kollywood;Venkat Prabhu;28
0c1QuVICtlu63iK4xqCAxT;2700.0;trance;Ernesto vs. Bastian;23
7tozhhOhSpqQacs5tQjlNt;26845.0;latin christian;Michael Rodriguez;26
0eZircNzjxnRUtRBVOsth2;216627.0;turkish folk;Nurettin Rençber;48
1QXZ1BMJKU2dl2q6rDn1pB;15357.0;carnaval|nederlandse hardstyle;PartyFriex;49
6bgJVFxXoLzHewXZmpdpGs;79970.0;thai pop;Marc Tatchapon;45
2lzeV1nxm8MB7z85L53JV2;18355.0;dutch pop|dutch rock;Gordon;46
6Wo4EvaswNW5E06ChI1p4Q;127.0;barrelhouse piano;Charles Avery;0
04kScQiBaLpLuCR1rh20Dd;2937.0;orchestral performance;Sir Thomas Beecham;43
3awsO3EshEt2f0FkcBYYpC;31.0;;Patricia Zander;32
12OSHhni6aZbqfUp7nzjKC;2438.0;j-poprock;SNOWKEL;36
7m7tqSW9C7alkliDAZYvF0;12710.0;finnish dance pop|finnish hip hop|finnish pop|finnish reggae|suomi rock;Raappana;44
2xCRnXoBFxV0a5GIslqKJI;99.0;latin classical;Inocente Carreño;26
73ZPfpfg1LBVvDEArK4l5B;172645.0;europop|pop rock;Des'ree;60
6D2VSlqzZlTCk0ov0AzFm6;53.0;;Local Disturbance;11
0Cd6nHYwecCNM1sVEXKlYr;862013.0;dance pop|edm|electra|electro house|electropop|pop dance;Krewella;65
7sit1ssZnDP41y0PJNgo8p;357.0;;Планка;16
12kRSTIQHDlJIcX4amZiYh;42.0;;Falcão;42
6BOJ6AsY3q64Bb23V0pdNu;3285.0;classic praise;Rusty Nelson;22
07uHk4iCvMw3QzmjoyPoOn;1154.0;pornogrind|spiritual jazz;Compost;20
2IYkVgw5hAfAgxWPY0KgUI;1596.0;;Chaman;37
6fQZurZmjPNOjWSfr2bEcd;114.0;musiikkia lapsille;Holle Holopainen;2
4V2pR2iSd1g0RZCglrP3jn;139170.0;alt z|post-teen pop;PLVTINUM;59
3kUSLymEdv1FFe6SQeDWfS;75.0;;Fredrik Lycke;35
2zVPFEeZqWj7USuWTeFpT3;93.0;;อาณัติ พุทธมาศ;3
3zFfbTj9QY7pvmtjI53DB8;21009.0;deep disco|disco|diva house|hi-nrg;Viola Wills;41
3i6BsXAWaaBaJDQQx2MVbr;487.0;focus trance|progressive breaks;Alfoa;16
49oJKbmD3pnF9uynkJUWxU;14978.0;french pop;Guillaume Grand;42
2PscyQNouYlR193NQFjBka;20341.0;mexican classic rock|mexican rock-and-roll;Los Hooligans;41
2YJ5x6mV8bxltvURCvFOkD;5690.0;classic russian pop;Valentina Tolkunova;30
5wWTKCWf2PFMtr1Hx6qr40;144.0;;Rainfall Meditations;28
4fXlK7OJeRK0Az6gpsdxe1;2407.0;thai rock;Drama Stream;23
0scj8cSzdAgqxBprxig1vC;28612.0;pagode|roda de samba|samba|samba-enredo|velha guarda;Luiz Carlos Da Vila;36
2oJ6siRRJ3jnON6LYskUe7;573.0;;GSON;34
4aPsL8sPDTXIR11gYfAb0i;1838.0;spanish pop rock;Mirela;22
6vcAsqIwBdhb4BRZEumnFv;16977.0;anadolu rock|turkish psych;Mazhar Ve Fuat;34
7DgUZBD3cUek3W2Kivi4CI;2904.0;rap chileno;Oxi Dum;30
1lg1jqQMMJQQFFMnkxn0zV;10937.0;indonesian pop;Ade Govinda;55
07W0YfsvHM7Mw7Bq48Mb0A;126624.0;dirty south rap|pop rap|southern hip hop|st louis rap;Murphy Lee;60
6AmhkbwoXOJZ9RZwfKz3Ak;281.0;;Suy Descalsota;33
2ErGWQCLmDSnsr2KTtLjz0;0.0;;Josef Gostic;0
4G2UDRhQLUDq0f93giGYwA;192944.0;swedish alternative rock|swedish dancehall|swedish hip hop|swedish pop|swedish reggae;Kapten Röd;54
4WrL8YBVkibeodZIhBLjsn;3271.0;;DJ Will22;61
6ey0gnuJBEMpYqBc37wJF4;3049.0;dominican pop;Maridalia Hernández;25
1UIwFtLp72voQNjkcmBY0C;1473.0;polish punk;GA-GA;14
3m3FVqK23db5Sf6vFKLs05;6123.0;irish country;Isla Grant;33
6a2HcrBBLrhSq57wzuoXYr;7923.0;belgian new wave|classic israeli pop|uk post-punk;Minimal Compact;24
2wpskShaCrgkVcET4JzTAV;1011.0;;Wilson Jermaine Heredia;51
5rAaG3OuMuWvPWYji9TDgh;62156.0;boy band|new jack swing;3T;43
6zEaCvF0CqEHs7kFyBkLHi;184893.0;dutch hip hop|dutch rap pop;Mula B;66
1epA77dFXodhnroGfSFArP;15.0;;Steppy De Rego;15
4hS8zLlKfZcbJFZqH2D7km;345.0;;Sleepy Wonder;32
5q9oOJoFLDUY2nEgBLPfOz;7964.0;classic colombian pop|musica popular colombiana;Nelson Gomez;22
5qdxxXvK6yi8ul05RmZC5Y;334.0;;Paola Cortellesi;28
3u45rXhQ0o9pUL24xlnf6e;5974.0;future house|russian edm;Chester Young;53
4xQFKlQXtzYxfZOnk799m2;68381.0;cantautor|canto popular uruguayo|folklore argentino|folklore uruguayo|nueva cancion|trova;Alfredo Zitarrosa;46
2vaWvC8suCFkRXejDOK7EE;932997.0;east coast reggae|reggae;SOJA;66
5XFyX7T46pLlApNj2duTdL;3.0;;Gyza;33
3XCnp5UV5wnNw49Xuka9qH;198848.0;c-pop|cantopop|classic cantopop;Sammi Cheng;55
067zySqFFkQZipWCsi9AtC;213.0;classic bulgarian pop;Vasil Naydenov;16
1z2MqEvpjBXSPiSEpoULkG;139.0;;Premlata;10
1SUz2JjWDXSVyAtWokVinQ;6419.0;cologne electronic|microhouse|minimal techno;Ada;33
5PsVU8lua3ri94gDn7zUIY;13476.0;classic peruvian pop|musica afroperuana;Perú Negro;27
6CYc4D54ss72OegrKuum7W;498.0;french movie tunes;Rachel Pignot;36
71DX0NLKPLEynTN9BNcfX3;621.0;;Evenrude;25
6cd8cLjU1djVQEBUn1UsJZ;7981.0;alternative country|folk;Laura Cantrell;23
74m8mP2Ksun4Ki2oc6x9XJ;39.0;;Niels Olsen;35
7G6AASiDcw0QJU94AJiFNK;4453.0;;Makgarebe A Bochabela;28
7jerD1mbWgyDukHAmCvdCj;1073958.0;bolero|bolero mexicano|mariachi|ranchera;Javier Solís;66
6imyM8T1Xbe8v2iZe41dR7;49511.0;brit funk|new romantic|new wave|new wave pop|sophisti-pop|synthpop;Haircut 100;43
7wYILRpVGBQicIIhzPcrJr;0.0;;Gauhar Sultana;0
1T4Hdd5i7fFgwaqPcj2BQ3;6808.0;czech pop|czsk hip hop;Reginald;40
6ixcPs7utvM6GEIY5Lq8HN;4484.0;israeli rock;Erez Lev Ari;34
4Pizl05TR32XfJD1btfu2T;3738.0;czech rock;Už jsme doma;20
4zTJ8KQRygEe0xclaDIaOH;4936.0;;シートベルツ;33
1Gtx7uxcwFWqBHt9OeESgj;5899.0;swedish hip hop|swedish trap pop;Lokal;42
2kXJ68O899XvWOBdpzlXgs;87362.0;avant-garde|classical|late romantic era|russian romanticism;Nikolai Rimsky-Korsakov;53
320TrJub4arztwXRm7kqVO;189601.0;blues|blues rock|classic rock|country rock|electric blues|folk rock|funk|jazz blues|louisiana blues|new orleans blues|piano blues|roots rock|soul;Dr. John;58
0TUkDO5OBbWdmEqS2hWu8S;17819.0;italian adult pop;Marina Rei;38
6ppmK4pjgILHNMd3RLlNCM;103298.0;indonesian pop;Mulan Jameela;42
5K2gAsDWIVqU9rlCyxp4jM;242165.0;adoracao|brazilian gospel|rock gospel brasileiro;PG;48
1OCpqnXexjxrakYtmur3rN;191662.0;chanson|francoton|french pop|variete francaise;Les Enfoirés;59
3yke87s3oocT5my2YLulfe;9669.0;classic finnish pop|classic finnish rock|suomi rock;Freud Marx Engels & Jung;38
6deCZDhOif2UZ62Cjx7sra;1618.0;;Emory;42
6S3RkOsyc4zB9w1wA0nUG9;14.0;;Glade Swope;0
4SKh4HUebFtfRONeWcnFr3;750.0;cook islands pop;Vaimutu String Band;15
6Nm62oNQCdPxVoiQtFSksF;267895.0;argentine rock|latin alternative|latin rock|rock en espanol|rock nacional;Estelares;60
0hTrdral9FhNQTTNIXTno1;7041.0;kizomba|rap angolano;MDO (Menino de Ouro);34
4EhvF0sd1sdEJ49h6AuWvB;67280.0;canadian indie;Matthew Good;41
0k7Xl1pqI3tu8sSEjo5oEg;567870.0;chopped and screwed|crunk|dirty south rap|gangster rap|hip hop|houston rap|pop rap|rap|southern hip hop|trap;Paul Wall;65
4yscD4NQlCKXEpUvBV3nj8;8713.0;baroque ensemble|classical performance|historically informed performance;Tafelmusik Baroque Orchestra;51
0w32WixD69mKW0O6bYwRCt;186062.0;argentine reggae|latin alternative|reggae en espanol|rock en espanol;Alika;48
72BgsZHeaYzALpdyBKrpyS;0.0;;Pasupaleti Kannamba;0
4o7EawHk705NgTWtLIQtxE;4280.0;;Tiko's Groove;37
6UdljVDipAuFot91tnnpPc;104.0;;Sipho Mchunu;28
097P46848Ll3Ofm0bcOGRW;20586.0;afrikaans|south african pop;Joshua Na Die Reën;30
3yWCAtesP5BFtJnBbgfv8b;10439.0;;I See MONSTAS;45
2p1V99nAWgMZLo5Md6SEVn;81.0;;Nikolaj Christensen;10
0whfJ77UF17mqdwSKYBOTl;3176.0;classic finnish pop|classic iskelma|iskelma;Tanssiorkesteri Syke;29
4PhACwxjUPe5eiWPxXntex;1320.0;;Kowalski;20
4qwGe91Bz9K2T8jXTZ815W;2473406.0;dance pop|hip pop|neo soul|new jack swing|r&b|urban contemporary;Janet Jackson;71
3IHfuyhfDGMYjIojIYsscN;44.0;;Ingibjörg Smith;6
3DOJU0CqEqSdfFIMGiykRv;59502.0;hip hop tuga|trap tuga;Holly Hood;42
3FCBnIlgoRwCdoWpUN85ck;15274.0;cumbia ranchera;Los Lobos del Sur;42
3HA0RzjmtQomxIGjTqgHI3;775.0;tamil pop;Sichith;31
